-6.124917817239e+12,-6.234278497784e+12
-6.306769288541e+12,-6.407523866543e+12
-6.334526316045e+12,-6.432368954233e+12
-6.347932308029e+12,-6.444163135412e+12
-6.355448326917e+12,-6.450798330390e+12
-6.360408139203e+12,-6.455197073183e+12
-6.364138847348e+12,-6.458494809210e+12
-6.367172775576e+12,-6.461161116742e+12
-6.369642869347e+12,-6.463362539221e+12
-6.371663598314e+12,-6.465219145789e+12
-6.373382460811e+12,-6.466846303438e+12
-6.374905912316e+12,-6.468320477263e+12
-6.376296647354e+12,-6.469681853968e+12
-6.377599101637e+12,-6.470954023273e+12
-6.378876360031e+12,-6.472170175216e+12
-6.380243373581e+12,-6.473394452481e+12
-6.381808704601e+12,-6.474688686866e+12
-6.383502088149e+12,-6.476028978109e+12
-6.385125555900e+12,-6.477333058813e+12
-6.386594744093e+12,-6.478566453252e+12
-6.387936180442e+12,-6.479740327700e+12
-6.389191802206e+12,-6.480870346513e+12
-6.390390810952e+12,-6.481969698336e+12
-6.391547549688e+12,-6.483045553948e+12
-6.392656233720e+12,-6.484092195324e+12
-6.393701375811e+12,-6.485097535035e+12
-6.394668262629e+12,-6.486049017367e+12
-6.395546277955e+12,-6.486935858631e+12
-6.396330794478e+12,-6.487751655790e+12
-6.397023826263e+12,-6.488495945142e+12
-6.397632520041e+12,-6.489173200334e+12
-6.398167096315e+12,-6.489790769630e+12
-6.398638628116e+12,-6.490356422976e+12
-6.399057224968e+12,-6.490876489814e+12
-6.399430642198e+12,-6.491355360885e+12
-6.399764428279e+12,-6.491796532719e+12
-6.400064012009e+12,-6.492204348839e+12
-6.400334647110e+12,-6.492583306823e+12
-6.400580454082e+12,-6.492936755070e+12
-6.400804272882e+12,-6.493266824188e+12
-6.401008150351e+12,-6.493575129798e+12
-6.401194068465e+12,-6.493863427034e+12
-6.401364160924e+12,-6.494133568493e+12
-6.401520587934e+12,-6.494387426347e+12
-6.401665422811e+12,-6.494626947652e+12
-6.401800532529e+12,-6.494853955808e+12
-6.401927066787e+12,-6.495069608261e+12
-6.402045155410e+12,-6.495274192733e+12
-6.402155195691e+12,-6.495468205519e+12
-6.402258147152e+12,-6.495652564989e+12
-6.402354969539e+12,-6.495828142451e+12
-6.402446580880e+12,-6.495995649104e+12
-6.402533903055e+12,-6.496155822597e+12
-6.402617647887e+12,-6.496309470725e+12
-6.402698193659e+12,-6.496457281487e+12
-6.402775652069e+12,-6.496599749531e+12
-6.402849910048e+12,-6.496737082340e+12
-6.402920805895e+12,-6.496869181593e+12
-6.402988388176e+12,-6.496995795088e+12
-6.403052959748e+12,-6.497116872334e+12
-6.403114905947e+12,-6.497232758268e+12
-6.403174526369e+12,-6.497343989551e+12
-6.403232013605e+12,-6.497451178202e+12
-6.403287449511e+12,-6.497554827113e+12
-6.403340871122e+12,-6.497655005136e+12
-6.403392359965e+12,-6.497751782647e+12
-6.403442023738e+12,-6.497845328661e+12
-6.403490028920e+12,-6.497935636221e+12
-6.403536531607e+12,-6.498022872197e+12
-6.403581664946e+12,-6.498107130927e+12
-6.403625534909e+12,-6.498188599964e+12
-6.403668197051e+12,-6.498267565475e+12
-6.403709717514e+12,-6.498344153346e+12
-6.403750173547e+12,-6.498418353850e+12
-6.403789579541e+12,-6.498490302547e+12
-6.403827831902e+12,-6.498560282662e+12
-6.403864974784e+12,-6.498628291289e+12
-6.403901128564e+12,-6.498694345118e+12
-6.403936362467e+12,-6.498758617903e+12
-6.403970747883e+12,-6.498821172534e+12
-6.404004326246e+12,-6.498882093155e+12
-6.404037129335e+12,-6.498941479905e+12
-6.404069205825e+12,-6.498999421775e+12
-6.404100598491e+12,-6.499055994624e+12
-6.404131337191e+12,-6.499111238789e+12
-6.404161432176e+12,-6.499165162446e+12
-6.404190860791e+12,-6.499217767160e+12
-6.404219567580e+12,-6.499269070811e+12
-6.404247657216e+12,-6.499319095389e+12
-6.404275168658e+12,-6.499367905151e+12
-6.404302165337e+12,-6.499415592693e+12
-6.404328745523e+12,-6.499462260556e+12
-6.404354988663e+12,-6.499508026168e+12
-6.404380938256e+12,-6.499553003656e+12
-6.404406622726e+12,-6.499597275898e+12
-6.404432062746e+12,-6.499640890542e+12
-6.404457258338e+12,-6.499683869839e+12
-6.404482184388e+12,-6.499726211918e+12
-6.404506792486e+12,-6.499767895753e+12
-6.404531023066e+12,-6.499808886912e+12
-6.404554827986e+12,-6.499849149644e+12
-6.404578187298e+12,-6.499888665840e+12
-6.404601081233e+12,-6.499927453694e+12
-6.404623485458e+12,-6.499965572011e+12
-6.404645406063e+12,-6.500003107081e+12
-6.404666857391e+12,-6.500040146627e+12
-6.404687859824e+12,-6.500076740899e+12
-6.404708484859e+12,-6.500112884783e+12
-6.404728891169e+12,-6.500148560171e+12
-6.404749257160e+12,-6.500183784991e+12
-6.404769677157e+12,-6.500218598201e+12
-6.404790155783e+12,-6.500253026113e+12
-6.404810667899e+12,-6.500287084895e+12
-6.404831207014e+12,-6.500320802057e+12
-6.404851801238e+12,-6.500354229804e+12
-6.404872506665e+12,-6.500387444861e+12
-6.404893389736e+12,-6.500420539291e+12
-6.404914505169e+12,-6.500453606140e+12
-6.404935879979e+12,-6.500486724335e+12
-6.404957517467e+12,-6.500519952602e+12
-6.404979416978e+12,-6.500553336561e+12
-6.405001592957e+12,-6.500586917286e+12
-6.405024086930e+12,-6.500620737069e+12
-6.405046973367e+12,-6.500654850009e+12
-6.405070352204e+12,-6.500689331593e+12
-6.405094332845e+12,-6.500724276857e+12
-6.405119018669e+12,-6.500759789573e+12
-6.405144498954e+12,-6.500795972393e+12
-6.405170852506e+12,-6.500832926585e+12
-6.405198158133e+12,-6.500870758938e+12
-6.405226502517e+12,-6.500909588281e+12
-6.405255982380e+12,-6.500949548999e+12
-6.405286702341e+12,-6.500990792383e+12
-6.405318771639e+12,-6.501033488203e+12
-6.405352304869e+12,-6.501077829313e+12
-6.405387428752e+12,-6.501124040477e+12
-6.405424295612e+12,-6.501172392644e+12
-6.405463107401e+12,-6.501223226234e+12
-6.405504159215e+12,-6.501276992342e+12
-6.405547929435e+12,-6.501334339499e+12
-6.405595263954e+12,-6.501396295722e+12
-6.405647705153e+12,-6.501464602457e+12
-6.405708088858e+12,-6.501542253964e+12
-6.405781372726e+12,-6.501634178325e+12
-6.405874991560e+12,-6.501747442417e+12
-6.405997182602e+12,-6.501889180763e+12
-6.406151537666e+12,-6.502060761053e+12
-6.406330710449e+12,-6.502252032405e+12
-6.406515271923e+12,-6.502442385222e+12
-6.406681297176e+12,-6.502610651976e+12
-6.406815338948e+12,-6.502749086481e+12
-6.406919036544e+12,-6.502863335823e+12
-6.406995160423e+12,-6.502954607984e+12
-6.407053613660e+12,-6.503030448055e+12
-6.407102023698e+12,-6.503097205244e+12
-6.407144473796e+12,-6.503157859686e+12
-6.407182772980e+12,-6.503213728363e+12
-6.407217673061e+12,-6.503265496289e+12
-6.407250348952e+12,-6.503314335769e+12
-6.407281732269e+12,-6.503361129957e+12
-6.407312514796e+12,-6.503406610593e+12
-6.407343211837e+12,-6.503451430532e+12
-6.407374097389e+12,-6.503495983130e+12
-6.407405340345e+12,-6.503540467471e+12
-6.407436816362e+12,-6.503584778468e+12
-6.407467948652e+12,-6.503628384936e+12
-6.407497938441e+12,-6.503670534414e+12
-6.407526210736e+12,-6.503710686719e+12
-6.407552668606e+12,-6.503748776159e+12
-6.407577587206e+12,-6.503785117579e+12
-6.407601365021e+12,-6.503820153109e+12
-6.407624334000e+12,-6.503854260384e+12
-6.407646657317e+12,-6.503887654930e+12
-6.407668343461e+12,-6.503920390284e+12
-6.407689263179e+12,-6.503952352944e+12
-6.407709078934e+12,-6.503983176439e+12
-6.407727318491e+12,-6.504012330572e+12
-6.407743655982e+12,-6.504039438731e+12
-6.407758104258e+12,-6.504064482195e+12
-6.407770933454e+12,-6.504087707298e+12
-6.407782516647e+12,-6.504109450365e+12
-6.407793224886e+12,-6.504130029797e+12
-6.407803371417e+12,-6.504149695984e+12
-6.407813150720e+12,-6.504168611395e+12
-6.407822641460e+12,-6.504186852711e+12
-6.407831855709e+12,-6.504204461007e+12
-6.407840843636e+12,-6.504221536695e+12
-6.407849765193e+12,-6.504238288064e+12
-6.407858818127e+12,-6.504254944199e+12
-6.407868051657e+12,-6.504271581314e+12
-6.407877261779e+12,-6.504288010930e+12
-6.407886098658e+12,-6.504303887722e+12
-6.407894344425e+12,-6.504318982284e+12
-6.407902037523e+12,-6.504333313145e+12
-6.407909361005e+12,-6.504347046095e+12
-6.407916497248e+12,-6.504360350818e+12
-6.407923547314e+12,-6.504373330263e+12
-6.407930533340e+12,-6.504386025496e+12
-6.407937475031e+12,-6.504398484099e+12
-6.407944479380e+12,-6.504410837179e+12
-6.407951721599e+12,-6.504423288041e+12
-6.407959301136e+12,-6.504435949366e+12
-6.407967009520e+12,-6.504448621310e+12
-6.407974365633e+12,-6.504460840070e+12
-6.407981007238e+12,-6.504472278102e+12
-6.407986931867e+12,-6.504482970500e+12
-6.407992350512e+12,-6.504493145018e+12
-6.407997476549e+12,-6.504503007091e+12
-6.408002455649e+12,-6.504512673524e+12
-6.408007375237e+12,-6.504522196008e+12
-6.408012298896e+12,-6.504531599305e+12
-6.408017264842e+12,-6.504540895285e+12
-6.408022268588e+12,-6.504550065276e+12
-6.408027240926e+12,-6.504559043366e+12
-6.408032078431e+12,-6.504567742725e+12
-6.408036709378e+12,-6.504576113313e+12
-6.408041128620e+12,-6.504584171358e+12
-6.408045382029e+12,-6.504591975582e+12
-6.408049516990e+12,-6.504599583140e+12
-6.408053564405e+12,-6.504607023469e+12
-6.408057540047e+12,-6.504614300904e+12
-6.408061460156e+12,-6.504621415196e+12
-6.408065359521e+12,-6.504628382501e+12
-6.408069297629e+12,-6.504635244762e+12
-6.408073350565e+12,-6.504642062852e+12
-6.408077588130e+12,-6.504648895806e+12
-6.408082049074e+12,-6.504655778502e+12
-6.408086729749e+12,-6.504662715489e+12
-6.408091600920e+12,-6.504669697964e+12
-6.408096632852e+12,-6.504676725417e+12
-6.408101806268e+12,-6.504683802325e+12
-6.408107106803e+12,-6.504690917092e+12
-6.408112527276e+12,-6.504698047155e+12
-6.408118068198e+12,-6.504705183057e+12
-6.408123716068e+12,-6.504712323935e+12
-6.408129428739e+12,-6.504719458863e+12
-6.408135153228e+12,-6.504726575879e+12
-6.408140869340e+12,-6.504733699742e+12
-6.408146623967e+12,-6.504740925086e+12
-6.408152517068e+12,-6.504748403427e+12
-6.408158617607e+12,-6.504756252728e+12
-6.408164830099e+12,-6.504764405376e+12
-6.408170844139e+12,-6.504772533917e+12
-6.408176321436e+12,-6.504780220845e+12
-6.408181118000e+12,-6.504787234490e+12
-6.408185307373e+12,-6.504793594438e+12
-6.408189040455e+12,-6.504799433223e+12
-6.408192441539e+12,-6.504804874239e+12
-6.408195592160e+12,-6.504810002952e+12
-6.408198549244e+12,-6.504814880987e+12
-6.408201357773e+12,-6.504819558559e+12
-6.408204055362e+12,-6.504824077647e+12
-6.408206670760e+12,-6.504828471831e+12
-6.408209225837e+12,-6.504832766324e+12
-6.408211736381e+12,-6.504836978684e+12
-6.408214211996e+12,-6.504841120235e+12
-6.408216659355e+12,-6.504845198308e+12
-6.408219082340e+12,-6.504849218074e+12
-6.408221486921e+12,-6.504853182555e+12
-6.408223872392e+12,-6.504857092059e+12
-6.408226241133e+12,-6.504860945315e+12
-6.408228594760e+12,-6.504864741874e+12
-6.408230936071e+12,-6.504868483651e+12
-6.408233268240e+12,-6.504872174942e+12
-6.408235595906e+12,-6.504875821743e+12
-6.408237920882e+12,-6.504879431400e+12
-6.408240245211e+12,-6.504883012703e+12
-6.408242572457e+12,-6.504886575850e+12
-6.408244907382e+12,-6.504890131483e+12
-6.408247256985e+12,-6.504893688346e+12
-6.408249626603e+12,-6.504897249913e+12
-6.408252019583e+12,-6.504900811572e+12
-6.408254432024e+12,-6.504904360735e+12
-6.408256853026e+12,-6.504907881176e+12
-6.408259271145e+12,-6.504911358774e+12
-6.408261674108e+12,-6.504914783635e+12
-6.408264049027e+12,-6.504918148405e+12
-6.408266382865e+12,-6.504921446864e+12
-6.408268665098e+12,-6.504924674458e+12
-6.408270889348e+12,-6.504927829362e+12
-6.408273054178e+12,-6.504930912858e+12
-6.408275161088e+12,-6.504933929114e+12
-6.408277212960e+12,-6.504936885103e+12
-6.408279214340e+12,-6.504939791176e+12
-6.408281175076e+12,-6.504942662478e+12
-6.408283115517e+12,-6.504945521569e+12
-6.408285065269e+12,-6.504948402924e+12
-6.408287062715e+12,-6.504951358044e+12
-6.408289155225e+12,-6.504954456584e+12
-6.408291388602e+12,-6.504957772751e+12
-6.408293776383e+12,-6.504961343543e+12
-6.408296262816e+12,-6.504965108835e+12
-6.408298723595e+12,-6.504968894897e+12
-6.408301036269e+12,-6.504972497576e+12
-6.408303160442e+12,-6.504975802671e+12
-6.408305144794e+12,-6.504978822854e+12
-6.408307074530e+12,-6.504981642886e+12
-6.408309028268e+12,-6.504984352721e+12
-6.408311052312e+12,-6.504987014326e+12
-6.408313151773e+12,-6.504989657603e+12
-6.408315301758e+12,-6.504992289649e+12
-6.408317464310e+12,-6.504994908197e+12
-6.408319603965e+12,-6.504997511835e+12
-6.408321695636e+12,-6.505000101695e+12
-6.408323723089e+12,-6.505002675745e+12
-6.408325673567e+12,-6.505005223098e+12
-6.408327534010e+12,-6.505007724731e+12
-6.408329291345e+12,-6.505010159260e+12
-6.408330934339e+12,-6.505012508196e+12
-6.408332457837e+12,-6.505014758720e+12
-6.408333865924e+12,-6.505016905669e+12
-6.408335172541e+12,-6.505018953169e+12
-6.408336399034e+12,-6.505020914238e+12
-6.408337569988e+12,-6.505022807928e+12
-6.408338710925e+12,-6.505024655955e+12
-6.408339847464e+12,-6.505026480661e+12
-6.408341006911e+12,-6.505028304528e+12
-6.408342219124e+12,-6.505030150054e+12
-6.408343514317e+12,-6.505032038036e+12
-6.408344914533e+12,-6.505033982210e+12
-6.408346420155e+12,-6.505035980479e+12
-6.408347998514e+12,-6.505038008613e+12
-6.408349590519e+12,-6.505040025788e+12
-6.408351135248e+12,-6.505041992407e+12
-6.408352595795e+12,-6.505043886390e+12
-6.408353960583e+12,-6.505045705704e+12
-6.408355239483e+12,-6.505047460127e+12
-6.408356448672e+12,-6.505049162217e+12
-6.408357603318e+12,-6.505050822525e+12
-6.408358714811e+12,-6.505052448464e+12
-6.408359790348e+12,-6.505054044752e+12
-6.408360833757e+12,-6.505055614167e+12
-6.408361846902e+12,-6.505057158283e+12
-6.408362831023e+12,-6.505058678297e+12
-6.408363788039e+12,-6.505060176008e+12
-6.408364721627e+12,-6.505061654803e+12
-6.408365638088e+12,-6.505063120372e+12
-6.408366546852e+12,-6.505064581094e+12
-6.408367460953e+12,-6.505066048532e+12
-6.408368397722e+12,-6.505067538677e+12
-6.408369379423e+12,-6.505069074043e+12
-6.408370432500e+12,-6.505070685167e+12
-6.408371582806e+12,-6.505072407965e+12
-6.408372842911e+12,-6.505074272229e+12
-6.408374193826e+12,-6.505076280820e+12
-6.408375576164e+12,-6.505078391294e+12
-6.408376906967e+12,-6.505080520296e+12
-6.408378115004e+12,-6.505082575976e+12
-6.408379167899e+12,-6.505084495073e+12
-6.408380074363e+12,-6.505086258098e+12
-6.408380866793e+12,-6.505087880264e+12
-6.408381579010e+12,-6.505089393055e+12
-6.408382241731e+12,-6.505090829241e+12
-6.408382876072e+12,-6.505092215262e+12
-6.408383494702e+12,-6.505093569295e+12
-6.408384104524e+12,-6.505094902271e+12
-6.408384708960e+12,-6.505096219898e+12
-6.408385309611e+12,-6.505097524697e+12
-6.408385907345e+12,-6.505098817662e+12
-6.408386502693e+12,-6.505100099351e+12
-6.408387096128e+12,-6.505101370363e+12
-6.408387687583e+12,-6.505102631419e+12
-6.408388277115e+12,-6.505103883391e+12
-6.408388866184e+12,-6.505105127455e+12
-6.408389454624e+12,-6.505106365305e+12
-6.408390042309e+12,-6.505107599260e+12
-6.408390631282e+12,-6.505108832223e+12
-6.408391224319e+12,-6.505110067537e+12
-6.408391825075e+12,-6.505111308870e+12
-6.408392438136e+12,-6.505112560180e+12
-6.408393069530e+12,-6.505113825808e+12
-6.408393727403e+12,-6.505115110671e+12
-6.408394422822e+12,-6.505116420492e+12
-6.408395169216e+12,-6.505117761930e+12
-6.408395983569e+12,-6.505119142232e+12
-6.408396883139e+12,-6.505120567803e+12
-6.408397879420e+12,-6.505122041231e+12
-6.408398971539e+12,-6.505123557403e+12
-6.408400140475e+12,-6.505125101197e+12
-6.408401350830e+12,-6.505126649738e+12
-6.408402561602e+12,-6.505128179405e+12
-6.408403738635e+12,-6.505129673526e+12
-6.408404863709e+12,-6.505131125994e+12
-6.408405934471e+12,-6.505132539779e+12
-6.408406959348e+12,-6.505133922969e+12
-6.408407951691e+12,-6.505135285253e+12
-6.408408925756e+12,-6.505136635934e+12
-6.408409894044e+12,-6.505137983064e+12
-6.408410865785e+12,-6.505139332820e+12
-6.408411846388e+12,-6.505140688581e+12
-6.408412835375e+12,-6.505142049778e+12
-6.408413828510e+12,-6.505143411203e+12
-6.408414818685e+12,-6.505144763674e+12
-6.408415798776e+12,-6.505146096392e+12
-6.408416764371e+12,-6.505147400164e+12
-6.408417715519e+12,-6.505148669926e+12
-6.408418655897e+12,-6.505149905355e+12
-6.408419590559e+12,-6.505151109625e+12
-6.408420523059e+12,-6.505152287302e+12
-6.408421453701e+12,-6.505153442517e+12
-6.408422379731e+12,-6.505154577974e+12
-6.408423296015e+12,-6.505155694681e+12
-6.408424196174e+12,-6.505156792071e+12
-6.408425074317e+12,-6.505157868396e+12
-6.408425925623e+12,-6.505158921492e+12
-6.408426747309e+12,-6.505159949758e+12
-6.408427539061e+12,-6.505160952911e+12
-6.408428302827e+12,-6.505161932154e+12
-6.408429042103e+12,-6.505162889780e+12
-6.408429761053e+12,-6.505163828475e+12
-6.408430463294e+12,-6.505164750672e+12
-6.408431151908e+12,-6.505165658214e+12
-6.408431829657e+12,-6.505166552384e+12
-6.408432498913e+12,-6.505167434098e+12
-6.408433161854e+12,-6.505168304092e+12
-6.408433820581e+12,-6.505169163060e+12
-6.408434476664e+12,-6.505170011810e+12
-6.408435130771e+12,-6.505170851486e+12
-6.408435784378e+12,-6.505171683766e+12
-6.408436435470e+12,-6.505172510918e+12
-6.408437082222e+12,-6.505173335540e+12
-6.408437723250e+12,-6.505174159968e+12
-6.408438356683e+12,-6.505174985458e+12
-6.408438980182e+12,-6.505175811435e+12
-6.408439590184e+12,-6.505176635106e+12
-6.408440182227e+12,-6.505177451744e+12
-6.408440751886e+12,-6.505178255762e+12
-6.408441296042e+12,-6.505179042267e+12
-6.408441813999e+12,-6.505179808340e+12
-6.408442307737e+12,-6.505180553453e+12
-6.408442781240e+12,-6.505181279027e+12
-6.408443239553e+12,-6.505181987626e+12
-6.408443688638e+12,-6.505182682194e+12
-6.408444132543e+12,-6.505183365554e+12
-6.408444574447e+12,-6.505184040151e+12
-6.408445017113e+12,-6.505184707995e+12
-6.408445462886e+12,-6.505185370700e+12
-6.408445913566e+12,-6.505186029567e+12
-6.408446370447e+12,-6.505186685662e+12
-6.408446834570e+12,-6.505187339858e+12
-6.408447306784e+12,-6.505187992844e+12
-6.408447787868e+12,-6.505188645107e+12
-6.408448278368e+12,-6.505189296921e+12
-6.408448779175e+12,-6.505189948368e+12
-6.408449291028e+12,-6.505190599405e+12
-6.408449814725e+12,-6.505191249981e+12
-6.408450351763e+12,-6.505191900180e+12
-6.408450904588e+12,-6.505192550366e+12
-6.408451475732e+12,-6.505193201248e+12
-6.408452068357e+12,-6.505193853841e+12
-6.408452685307e+12,-6.505194509254e+12
-6.408453328245e+12,-6.505195168345e+12
-6.408453996710e+12,-6.505195831364e+12
-6.408454687978e+12,-6.505196497811e+12
-6.408455397710e+12,-6.505197166656e+12
-6.408456121243e+12,-6.505197836913e+12
-6.408456855472e+12,-6.505198508255e+12
-6.408457600863e+12,-6.505199181350e+12
-6.408458358162e+12,-6.505199857756e+12
-6.408459130154e+12,-6.505200539458e+12
-6.408459921802e+12,-6.505201228280e+12
-6.408460735442e+12,-6.505201925381e+12
-6.408461573114e+12,-6.505202631013e+12
-6.408462435454e+12,-6.505203344568e+12
-6.408463321903e+12,-6.505204064834e+12
-6.408464231130e+12,-6.505204790258e+12
-6.408465161274e+12,-6.505205519122e+12
-6.408466109815e+12,-6.505206249595e+12
-6.408467073524e+12,-6.505206979734e+12
-6.408468048455e+12,-6.505207707502e+12
-6.408469030297e+12,-6.505208430819e+12
-6.408470014132e+12,-6.505209147664e+12
-6.408470994123e+12,-6.505209856199e+12
-6.408471965481e+12,-6.505210554886e+12
-6.408472923924e+12,-6.505211242578e+12
-6.408473866083e+12,-6.505211918560e+12
-6.408474790140e+12,-6.505212582534e+12
-6.408475694815e+12,-6.505213234559e+12
-6.408476578450e+12,-6.505213874951e+12
-6.408477441134e+12,-6.505214504181e+12
-6.408478283598e+12,-6.505215122787e+12
-6.408479107057e+12,-6.505215731322e+12
-6.408479914395e+12,-6.505216330321e+12
-6.408480706681e+12,-6.505216920308e+12
-6.408481485085e+12,-6.505217501791e+12
-6.408482251654e+12,-6.505218075264e+12
-6.408483008370e+12,-6.505218641215e+12
-6.408483756628e+12,-6.505219200140e+12
-6.408484498041e+12,-6.505219752569e+12
-6.408485234245e+12,-6.505220299100e+12
-6.408485966431e+12,-6.505220840427e+12
-6.408486696098e+12,-6.505221377333e+12
-6.408487424494e+12,-6.505221910660e+12
-6.408488152796e+12,-6.505222441254e+12
-6.408488882233e+12,-6.505222969887e+12
-6.408489613605e+12,-6.505223497188e+12
-6.408490347673e+12,-6.505224023588e+12
-6.408491084972e+12,-6.505224549301e+12
-6.408491825909e+12,-6.505225074335e+12
-6.408492570845e+12,-6.505225598537e+12
-6.408493319892e+12,-6.505226121665e+12
-6.408494073200e+12,-6.505226643452e+12
-6.408494831008e+12,-6.505227163667e+12
-6.408495593360e+12,-6.505227682136e+12
-6.408496360293e+12,-6.505228198735e+12
-6.408497131649e+12,-6.505228713336e+12
-6.408497907058e+12,-6.505229225740e+12
-6.408498685888e+12,-6.505229735602e+12
-6.408499467287e+12,-6.505230242391e+12
-6.408500250393e+12,-6.505230745408e+12
-6.408501034043e+12,-6.505231243870e+12
-6.408501817521e+12,-6.505231737023e+12
-6.408502600081e+12,-6.505232224256e+12
-6.408503381278e+12,-6.505232705146e+12
-6.408504160598e+12,-6.505233179410e+12
-6.408504937063e+12,-6.505233646802e+12
-6.408505708638e+12,-6.505234106981e+12
-6.408506472204e+12,-6.505234559458e+12
-6.408507223746e+12,-6.505235003646e+12
-6.408507958667e+12,-6.505235439019e+12
-6.408508672769e+12,-6.505235865333e+12
-6.408509362474e+12,-6.505236282794e+12
-6.408510025611e+12,-6.505236692132e+12
-6.408510661781e+12,-6.505237094528e+12
-6.408511272038e+12,-6.505237491431e+12
-6.408511858376e+12,-6.505237884311e+12
-6.408512423162e+12,-6.505238274412e+12
-6.408512968717e+12,-6.505238662553e+12
-6.408513496980e+12,-6.505239049019e+12
-6.408514008701e+12,-6.505239433571e+12
-6.408514504063e+12,-6.505239815576e+12
-6.408514982864e+12,-6.505240194224e+12
-6.408515444966e+12,-6.505240568785e+12
-6.408515890580e+12,-6.505240938831e+12
-6.408516320830e+12,-6.505241304371e+12
-6.408516737531e+12,-6.505241665890e+12
-6.408517143435e+12,-6.505242024298e+12
-6.408517541746e+12,-6.505242380824e+12
-6.408517936568e+12,-6.505242736881e+12
-6.408518332096e+12,-6.505243093926e+12
-6.408518732461e+12,-6.505243453326e+12
-6.408519141481e+12,-6.505243816220e+12
-6.408519562214e+12,-6.505244183393e+12
-6.408519996537e+12,-6.505244555156e+12
-6.408520444812e+12,-6.505244931254e+12
-6.408520905865e+12,-6.505245310829e+12
-6.408521376972e+12,-6.505245692460e+12
-6.408521854064e+12,-6.505246074278e+12
-6.408522332172e+12,-6.505246454157e+12
-6.408522805981e+12,-6.505246829936e+12
-6.408523270426e+12,-6.505247199616e+12
-6.408523721035e+12,-6.505247561527e+12
-6.408524154308e+12,-6.505247914406e+12
-6.408524567818e+12,-6.505248257417e+12
-6.408524960195e+12,-6.505248590130e+12
-6.408525331091e+12,-6.505248912466e+12
-6.408525680844e+12,-6.505249224641e+12
-6.408526010460e+12,-6.505249527106e+12
-6.408526321381e+12,-6.505249820492e+12
-6.408526615341e+12,-6.505250105549e+12
-6.408526894388e+12,-6.505250383083e+12
-6.408527160809e+12,-6.505250653895e+12
-6.408527416417e+12,-6.505250918735e+12
-6.408527663027e+12,-6.505251178275e+12
-6.408527902469e+12,-6.505251433109e+12
-6.408528136506e+12,-6.505251683773e+12
-6.408528366766e+12,-6.505251930758e+12
-6.408528594717e+12,-6.505252174523e+12
-6.408528821698e+12,-6.505252415494e+12
-6.408529048858e+12,-6.505252654060e+12
-6.408529277250e+12,-6.505252890576e+12
-6.408529507777e+12,-6.505253125367e+12
-6.408529741241e+12,-6.505253358734e+12
-6.408529978385e+12,-6.505253590962e+12
-6.408530221164e+12,-6.505253822308e+12
-6.408530470514e+12,-6.505254052997e+12
-6.408530724650e+12,-6.505254283204e+12
-6.408530983864e+12,-6.505254513048e+12
-6.408531248194e+12,-6.505254742584e+12
-6.408531517598e+12,-6.505254971807e+12
-6.408531791971e+12,-6.505255200660e+12
-6.408532071040e+12,-6.505255429038e+12
-6.408532354492e+12,-6.505255656802e+12
-6.408532641859e+12,-6.505255883781e+12
-6.408532932669e+12,-6.505256109782e+12
-6.408533226394e+12,-6.505256334592e+12
-6.408533522460e+12,-6.505256557988e+12
-6.408533820308e+12,-6.505256779746e+12
-6.408534119408e+12,-6.505256999651e+12
-6.408534419126e+12,-6.505257217513e+12
-6.408534718915e+12,-6.505257433175e+12
-6.408535018225e+12,-6.505257646522e+12
-6.408535316594e+12,-6.505257857491e+12
-6.408535613692e+12,-6.505258066065e+12
-6.408535909374e+12,-6.505258272272e+12
-6.408536203584e+12,-6.505258476186e+12
-6.408536495634e+12,-6.505258677911e+12
-6.408536785486e+12,-6.505258877584e+12
-6.408537073079e+12,-6.505259075362e+12
-6.408537358362e+12,-6.505259271424e+12
-6.408537641361e+12,-6.505259465964e+12
-6.408537922169e+12,-6.505259659191e+12
-6.408538200920e+12,-6.505259851326e+12
-6.408538477813e+12,-6.505260042602e+12
-6.408538753150e+12,-6.505260233267e+12
-6.408539027085e+12,-6.505260423580e+12
-6.408539300047e+12,-6.505260613817e+12
-6.408539572487e+12,-6.505260804269e+12
-6.408539844909e+12,-6.505260995247e+12
-6.408540117966e+12,-6.505261187081e+12
-6.408540392495e+12,-6.505261380116e+12
-6.408540669179e+12,-6.505261574710e+12
-6.408540948774e+12,-6.505261771220e+12
-6.408541232021e+12,-6.505261969989e+12
-6.408541519494e+12,-6.505262171321e+12
-6.408541811653e+12,-6.505262375458e+12
-6.408542108786e+12,-6.505262582557e+12
-6.408542410981e+12,-6.505262792661e+12
-6.408542718196e+12,-6.505263005690e+12
-6.408543029873e+12,-6.505263221428e+12
-6.408543345371e+12,-6.505263439531e+12
-6.408543663955e+12,-6.505263659544e+12
-6.408543984680e+12,-6.505263880932e+12
-6.408544306556e+12,-6.505264103107e+12
-6.408544628589e+12,-6.505264325468e+12
-6.408544949818e+12,-6.505264547435e+12
-6.408545269374e+12,-6.505264768469e+12
-6.408545586605e+12,-6.505264988094e+12
-6.408545900698e+12,-6.505265205905e+12
-6.408546211107e+12,-6.505265421569e+12
-6.408546517424e+12,-6.505265634822e+12
-6.408546819249e+12,-6.505265845462e+12
-6.408547116285e+12,-6.505266053337e+12
-6.408547408330e+12,-6.505266258339e+12
-6.408547695224e+12,-6.505266460394e+12
-6.408547976800e+12,-6.505266659454e+12
-6.408548252988e+12,-6.505266855497e+12
-6.408548523756e+12,-6.505267048523e+12
-6.408548789060e+12,-6.505267238549e+12
-6.408549048947e+12,-6.505267425613e+12
-6.408549303500e+12,-6.505267609764e+12
-6.408549552820e+12,-6.505267791064e+12
-6.408549797105e+12,-6.505267969577e+12
-6.408550036534e+12,-6.505268145370e+12
-6.408550271247e+12,-6.505268318511e+12
-6.408550501491e+12,-6.505268489068e+12
-6.408550727537e+12,-6.505268657120e+12
-6.408550949811e+12,-6.505268822757e+12
-6.408551168443e+12,-6.505268986091e+12
-6.408551383726e+12,-6.505269147260e+12
-6.408551596046e+12,-6.505269306435e+12
-6.408551805838e+12,-6.505269463819e+12
-6.408552013623e+12,-6.505269619645e+12
-6.408552219852e+12,-6.505269774170e+12
-6.408552424969e+12,-6.505269927670e+12
-6.408552629517e+12,-6.505270080423e+12
-6.408552833932e+12,-6.505270232701e+12
-6.408553038650e+12,-6.505270384754e+12
-6.408553244073e+12,-6.505270536801e+12
-6.408553450563e+12,-6.505270689015e+12
-6.408553658386e+12,-6.505270841517e+12
-6.408553867546e+12,-6.505270994369e+12
-6.408554078051e+12,-6.505271147569e+12
-6.408554289793e+12,-6.505271301052e+12
-6.408554502603e+12,-6.505271454692e+12
-6.408554716153e+12,-6.505271608314e+12
-6.408554930099e+12,-6.505271761698e+12
-6.408555143874e+12,-6.505271914602e+12
-6.408555357009e+12,-6.505272066771e+12
-6.408555569009e+12,-6.505272217957e+12
-6.408555779381e+12,-6.505272367929e+12
-6.408555987689e+12,-6.505272516484e+12
-6.408556193574e+12,-6.505272663452e+12
-6.408556396762e+12,-6.505272808701e+12
-6.408556596924e+12,-6.505272952134e+12
-6.408556793862e+12,-6.505273093689e+12
-6.408556987504e+12,-6.505273233335e+12
-6.408557177866e+12,-6.505273371068e+12
-6.408557364891e+12,-6.505273506911e+12
-6.408557548482e+12,-6.505273640907e+12
-6.408557728718e+12,-6.505273773121e+12
-6.408557905732e+12,-6.505273903637e+12
-6.408558079764e+12,-6.505274032559e+12
-6.408558250949e+12,-6.505274160005e+12
-6.408558419436e+12,-6.505274286110e+12
-6.408558585499e+12,-6.505274411016e+12
-6.408558749331e+12,-6.505274534872e+12
-6.408558911174e+12,-6.505274657827e+12
-6.408559071308e+12,-6.505274780023e+12
-6.408559229940e+12,-6.505274901594e+12
-6.408559387280e+12,-6.505275022661e+12
-6.408559543618e+12,-6.505275143334e+12
-6.408559699069e+12,-6.505275263706e+12
-6.408559853812e+12,-6.505275383860e+12
-6.408560008032e+12,-6.505275503869e+12
-6.408560161926e+12,-6.505275623796e+12
-6.408560315655e+12,-6.505275743699e+12
-6.408560469405e+12,-6.505275863624e+12
-6.408560623329e+12,-6.505275983612e+12
-6.408560777545e+12,-6.505276103693e+12
-6.408560932171e+12,-6.505276223884e+12
-6.408561087303e+12,-6.505276344192e+12
-6.408561243016e+12,-6.505276464610e+12
-6.408561399362e+12,-6.505276585122e+12
-6.408561556395e+12,-6.505276705704e+12
-6.408561714180e+12,-6.505276826329e+12
-6.408561872887e+12,-6.505276946967e+12
-6.408562032498e+12,-6.505277067593e+12
-6.408562193074e+12,-6.505277188191e+12
-6.408562354743e+12,-6.505277308752e+12
-6.408562517235e+12,-6.505277429282e+12
-6.408562680682e+12,-6.505277549799e+12
-6.408562845211e+12,-6.505277670339e+12
-6.408563010998e+12,-6.505277790950e+12
-6.408563178207e+12,-6.505277911698e+12
-6.408563347113e+12,-6.505278032660e+12
-6.408563517864e+12,-6.505278153920e+12
-6.408563690812e+12,-6.505278275568e+12
-6.408563866201e+12,-6.505278397686e+12
-6.408564043838e+12,-6.505278520343e+12
-6.408564223740e+12,-6.505278643582e+12
-6.408564405848e+12,-6.505278767413e+12
-6.408564590014e+12,-6.505278891802e+12
-6.408564776151e+12,-6.505279016669e+12
-6.408564963753e+12,-6.505279141887e+12
-6.408565152286e+12,-6.505279267284e+12
-6.408565341246e+12,-6.505279392660e+12
-6.408565529986e+12,-6.505279517793e+12
-6.408565717946e+12,-6.505279642457e+12
-6.408565904503e+12,-6.505279766440e+12
-6.408566089017e+12,-6.505279889556e+12
-6.408566271030e+12,-6.505280011654e+12
-6.408566450121e+12,-6.505280132630e+12
-6.408566625919e+12,-6.505280252419e+12
-6.408566798109e+12,-6.505280370999e+12
-6.408566966510e+12,-6.505280488380e+12
-6.408567131088e+12,-6.505280604597e+12
-6.408567291761e+12,-6.505280719703e+12
-6.408567448583e+12,-6.505280833759e+12
-6.408567601683e+12,-6.505280946824e+12
-6.408567751123e+12,-6.505281058956e+12
-6.408567897058e+12,-6.505281170205e+12
-6.408568039646e+12,-6.505281280610e+12
-6.408568179146e+12,-6.505281390199e+12
-6.408568315668e+12,-6.505281498987e+12
-6.408568449374e+12,-6.505281606977e+12
-6.408568580423e+12,-6.505281714161e+12
-6.408568708987e+12,-6.505281820519e+12
-6.408568835197e+12,-6.505281926022e+12
-6.408568959146e+12,-6.505282030637e+12
-6.408569080924e+12,-6.505282134327e+12
-6.408569200728e+12,-6.505282237058e+12
-6.408569318592e+12,-6.505282338804e+12
-6.408569434612e+12,-6.505282439549e+12
-6.408569548900e+12,-6.505282539294e+12
-6.408569661634e+12,-6.505282638062e+12
-6.408569772988e+12,-6.505282735896e+12
-6.408569883178e+12,-6.505282832862e+12
-6.408569992467e+12,-6.505282929053e+12
-6.408570101156e+12,-6.505283024584e+12
-6.408570209619e+12,-6.505283119592e+12
-6.408570318159e+12,-6.505283214236e+12
-6.408570427181e+12,-6.505283308690e+12
-6.408570537113e+12,-6.505283403146e+12
-6.408570648428e+12,-6.505283497806e+12
-6.408570761616e+12,-6.505283592879e+12
-6.408570877190e+12,-6.505283688578e+12
-6.408570995707e+12,-6.505283785116e+12
-6.408571117622e+12,-6.505283882697e+12
-6.408571243447e+12,-6.505283981512e+12
-6.408571373684e+12,-6.505284081737e+12
-6.408571508727e+12,-6.505284183522e+12
-6.408571648978e+12,-6.505284286990e+12
-6.408571794785e+12,-6.505284392230e+12
-6.408571946429e+12,-6.505284499294e+12
-6.408572104130e+12,-6.505284608196e+12
-6.408572268128e+12,-6.505284718908e+12
-6.408572438369e+12,-6.505284831362e+12
-6.408572614823e+12,-6.505284945449e+12
-6.408572797407e+12,-6.505285061023e+12
-6.408572985948e+12,-6.505285177906e+12
-6.408573180174e+12,-6.505285295890e+12
-6.408573379741e+12,-6.505285414747e+12
-6.408573584288e+12,-6.505285534234e+12
-6.408573793419e+12,-6.505285654102e+12
-6.408574006705e+12,-6.505285774106e+12
-6.408574223740e+12,-6.505285894008e+12
-6.408574444103e+12,-6.505286013593e+12
-6.408574667399e+12,-6.505286132670e+12
-6.408574893231e+12,-6.505286251079e+12
-6.408575121294e+12,-6.505286368695e+12
-6.408575351281e+12,-6.505286485434e+12
-6.408575582962e+12,-6.505286601246e+12
-6.408575816161e+12,-6.505286716118e+12
-6.408576050785e+12,-6.505286830067e+12
-6.408576286827e+12,-6.505286943139e+12
-6.408576524105e+12,-6.505287055397e+12
-6.408576762584e+12,-6.505287166918e+12
-6.408577002240e+12,-6.505287277782e+12
-6.408577243067e+12,-6.505287388071e+12
-6.408577485099e+12,-6.505287497855e+12
-6.408577728298e+12,-6.505287607190e+12
-6.408577972531e+12,-6.505287716114e+12
-6.408578217713e+12,-6.505287824644e+12
-6.408578463681e+12,-6.505287932773e+12
-6.408578710244e+12,-6.505288040469e+12
-6.408578957215e+12,-6.505288147680e+12
-6.408579204380e+12,-6.505288254332e+12
-6.408579451492e+12,-6.505288360338e+12
-6.408579698301e+12,-6.505288465597e+12
-6.408579944507e+12,-6.505288570002e+12
-6.408580189845e+12,-6.505288673442e+12
-6.408580434048e+12,-6.505288775812e+12
-6.408580676853e+12,-6.505288877010e+12
-6.408580918014e+12,-6.505288976946e+12
-6.408581157290e+12,-6.505289075542e+12
-6.408581394453e+12,-6.505289172733e+12
-6.408581630993e+12,-6.505289268475e+12
-6.408581867119e+12,-6.505289362736e+12
-6.408582100289e+12,-6.505289455503e+12
-6.408582330368e+12,-6.505289546779e+12
-6.408582557286e+12,-6.505289636582e+12
-6.408582780904e+12,-6.505289724945e+12
-6.408583001167e+12,-6.505289811912e+12
-6.408583218037e+12,-6.505289897536e+12
-6.408583431531e+12,-6.505289981878e+12
-6.408583641659e+12,-6.505290065002e+12
-6.408583848479e+12,-6.505290146975e+12
-6.408584052002e+12,-6.505290227860e+12
-6.408584252318e+12,-6.505290307715e+12
-6.408584449453e+12,-6.505290386591e+12
-6.408584643475e+12,-6.505290464532e+12
-6.408584834420e+12,-6.505290541567e+12
-6.408585022342e+12,-6.505290617718e+12
-6.408585207283e+12,-6.505290692995e+12
-6.408585389272e+12,-6.505290767402e+12
-6.408585568353e+12,-6.505290840933e+12
-6.408585744565e+12,-6.505290913583e+12
-6.408585917909e+12,-6.505290985342e+12
-6.408586088463e+12,-6.505291056204e+12
-6.408586256307e+12,-6.505291126164e+12
-6.408586421417e+12,-6.505291195223e+12
-6.408586583844e+12,-6.505291263386e+12
-6.408586743654e+12,-6.505291330663e+12
-6.408586900923e+12,-6.505291397064e+12
-6.408587055719e+12,-6.505291462606e+12
-6.408587208166e+12,-6.505291527301e+12
-6.408587358321e+12,-6.505291591164e+12
-6.408587506157e+12,-6.505291654205e+12
-6.408587651692e+12,-6.505291716429e+12
-6.408587794959e+12,-6.505291777841e+12
-6.408587935944e+12,-6.505291838438e+12
-6.408588074561e+12,-6.505291898218e+12
-6.408588210744e+12,-6.505291957174e+12
-6.408588344423e+12,-6.505292015300e+12
-6.408588475540e+12,-6.505292072593e+12
-6.408588604010e+12,-6.505292129051e+12
-6.408588729758e+12,-6.505292184678e+12
-6.408588852721e+12,-6.505292239484e+12
-6.408588972864e+12,-6.505292293485e+12
-6.408589090177e+12,-6.505292346704e+12
-6.408589204678e+12,-6.505292399171e+12
-6.408589316413e+12,-6.505292450923e+12
-6.408589425454e+12,-6.505292502000e+12
-6.408589531902e+12,-6.505292552449e+12
-6.408589635893e+12,-6.505292602318e+12
-6.408589737556e+12,-6.505292651661e+12
-6.408589837044e+12,-6.505292700527e+12
-6.408589934515e+12,-6.505292748970e+12
-6.408590030134e+12,-6.505292797040e+12
-6.408590124093e+12,-6.505292844788e+12
-6.408590216570e+12,-6.505292892259e+12
-6.408590307745e+12,-6.505292939500e+12
-6.408590397809e+12,-6.505292986553e+12
-6.408590486939e+12,-6.505293033459e+12
-6.408590575319e+12,-6.505293080256e+12
-6.408590663112e+12,-6.505293126979e+12
-6.408590750488e+12,-6.505293173661e+12
-6.408590837618e+12,-6.505293220331e+12
-6.408590924634e+12,-6.505293267017e+12
-6.408591011638e+12,-6.505293313741e+12
-6.408591098760e+12,-6.505293360523e+12
-6.408591186195e+12,-6.505293407378e+12
-6.408591273923e+12,-6.505293454320e+12
-6.408591362021e+12,-6.505293501356e+12
-6.408591450566e+12,-6.505293548492e+12
-6.408591539621e+12,-6.505293595727e+12
-6.408591629253e+12,-6.505293643059e+12
-6.408591719485e+12,-6.505293690477e+12
-6.408591810342e+12,-6.505293737971e+12
-6.408591901840e+12,-6.505293785522e+12
-6.408591993976e+12,-6.505293833112e+12
-6.408592086737e+12,-6.505293880718e+12
-6.408592180102e+12,-6.505293928315e+12
-6.408592274036e+12,-6.505293975876e+12
-6.408592368502e+12,-6.505294023373e+12
-6.408592463457e+12,-6.505294070776e+12
-6.408592558858e+12,-6.505294118056e+12
-6.408592654651e+12,-6.505294165184e+12
-6.408592750801e+12,-6.505294212130e+12
-6.408592847248e+12,-6.505294258866e+12
-6.408592943946e+12,-6.505294305366e+12
-6.408593040857e+12,-6.505294351605e+12
-6.408593137960e+12,-6.505294397563e+12
-6.408593235233e+12,-6.505294443221e+12
-6.408593332602e+12,-6.505294488565e+12
-6.408593430060e+12,-6.505294533584e+12
-6.408593527578e+12,-6.505294578271e+12
-6.408593625146e+12,-6.505294622623e+12
-6.408593722707e+12,-6.505294666641e+12
-6.408593820234e+12,-6.505294710328e+12
-6.408593917692e+12,-6.505294753690e+12
-6.408594015046e+12,-6.505294796733e+12
-6.408594112260e+12,-6.505294839467e+12
-6.408594209289e+12,-6.505294881901e+12
-6.408594306094e+12,-6.505294924042e+12
-6.408594402588e+12,-6.505294965901e+12
-6.408594498700e+12,-6.505295007483e+12
-6.408594594360e+12,-6.505295048794e+12
-6.408594689491e+12,-6.505295089840e+12
-6.408594784018e+12,-6.505295130623e+12
-6.408594877863e+12,-6.505295171145e+12
-6.408594970974e+12,-6.505295211406e+12
-6.408595063287e+12,-6.505295251408e+12
-6.408595154771e+12,-6.505295291148e+12
-6.408595245371e+12,-6.505295330626e+12
-6.408595335000e+12,-6.505295369842e+12
-6.408595423621e+12,-6.505295408796e+12
-6.408595511220e+12,-6.505295447490e+12
-6.408595597795e+12,-6.505295485925e+12
-6.408595683370e+12,-6.505295524104e+12
-6.408595767937e+12,-6.505295562033e+12
-6.408595851495e+12,-6.505295599718e+12
-6.408595934073e+12,-6.505295637164e+12
-6.408596015707e+12,-6.505295674379e+12
-6.408596096444e+12,-6.505295711370e+12
-6.408596176349e+12,-6.505295748146e+12
-6.408596255451e+12,-6.505295784713e+12
-6.408596333780e+12,-6.505295821077e+12
-6.408596411380e+12,-6.505295857243e+12
-6.408596488294e+12,-6.505295893216e+12
-6.408596564558e+12,-6.505295928998e+12
-6.408596640208e+12,-6.505295964589e+12
-6.408596715277e+12,-6.505295999990e+12
-6.408596789797e+12,-6.505296035198e+12
-6.408596863788e+12,-6.505296070214e+12
-6.408596937262e+12,-6.505296105033e+12
-6.408597010248e+12,-6.505296139656e+12
-6.408597082756e+12,-6.505296174081e+12
-6.408597154807e+12,-6.505296208311e+12
-6.408597226426e+12,-6.505296242347e+12
-6.408597297638e+12,-6.505296276196e+12
-6.408597368475e+12,-6.505296309865e+12
-6.408597438976e+12,-6.505296343365e+12
-6.408597509182e+12,-6.505296376710e+12
-6.408597579145e+12,-6.505296409916e+12
-6.408597648918e+12,-6.505296443002e+12
-6.408597718576e+12,-6.505296475988e+12
-6.408597788182e+12,-6.505296508897e+12
-6.408597857806e+12,-6.505296541753e+12
-6.408597927522e+12,-6.505296574581e+12
-6.408597997410e+12,-6.505296607408e+12
-6.408598067548e+12,-6.505296640259e+12
-6.408598138009e+12,-6.505296673161e+12
-6.408598208868e+12,-6.505296706138e+12
-6.408598280193e+12,-6.505296739216e+12
-6.408598352041e+12,-6.505296772415e+12
-6.408598424469e+12,-6.505296805756e+12
-6.408598497517e+12,-6.505296839257e+12
-6.408598571221e+12,-6.505296872931e+12
-6.408598645601e+12,-6.505296906791e+12
-6.408598720667e+12,-6.505296940843e+12
-6.408598796440e+12,-6.505296975090e+12
-6.408598872901e+12,-6.505297009533e+12
-6.408598950004e+12,-6.505297044165e+12
-6.408599027713e+12,-6.505297078981e+12
-6.408599105985e+12,-6.505297113968e+12
-6.408599184769e+12,-6.505297149113e+12
-6.408599263986e+12,-6.505297184399e+12
-6.408599344072e+12,-6.505297219809e+12
-6.408599424407e+12,-6.505297255325e+12
-6.408599504829e+12,-6.505297290928e+12
-6.408599585267e+12,-6.505297326599e+12
-6.408599665639e+12,-6.505297362321e+12
-6.408599745872e+12,-6.505297398077e+12
-6.408599825899e+12,-6.505297433852e+12
-6.408599905663e+12,-6.505297469631e+12
-6.408599985102e+12,-6.505297505404e+12
-6.408600064168e+12,-6.505297541160e+12
-6.408600142822e+12,-6.505297576891e+12
-6.408600221028e+12,-6.505297612590e+12
-6.408600298751e+12,-6.505297648253e+12
-6.408600375971e+12,-6.505297683879e+12
-6.408600452689e+12,-6.505297719466e+12
-6.408600528883e+12,-6.505297755016e+12
-6.408600604544e+12,-6.505297790532e+12
-6.408600679679e+12,-6.505297826021e+12
-6.408600754302e+12,-6.505297861489e+12
-6.408600828432e+12,-6.505297896946e+12
-6.408600902102e+12,-6.505297932405e+12
-6.408600975344e+12,-6.505297967879e+12
